{
  "Classical": [
    0,
    0,
    0,
    0,
    0,
    0,
    -0.40625,
    -0.40625,
    -0.40625,
    -0.53125
  ],
  "Club": [
    0,
    0,
    0.16129032258064516,
    0.2903225806451613,
    0.2903225806451613,
    0.2903225806451613,
    0.16129032258064516,
    0,
    0,
    0
  ],
  "Dance": [
    0.4838709677419355,
    0.3548387096774194,
    0.0967741935483871,
    -0.03125,
    -0.03125,
    -0.34375,
    -0.40625,
    -0.40625,
    -0.03125,
    -0.03125
  ],
  "Flat": [
    0,
    0,
    0,
    0,
    0,
    0,
    0,
    0,
    0,
    0
  ],
  "Laptop speakers/headphones": [
    0.22580645161290322,
    0.5483870967741935,
    0.25806451612903225,
    -0.21875,
    -0.15625,
    0.06451612903225806,
    0.22580645161290322,
    0.4838709677419355,
    0.6451612903225806,
    0.7419354838709677
  ],
  "Large hall": [
    0.5161290322580645,
    0.5161290322580645,
    0.2903225806451613,
    0.2903225806451613,
    0,
    -0.28125,
    -0.28125,
    -0.28125,
    0,
    0
  ],
  "Party": [
    0.3548387096774194,
    0.3548387096774194,
    0,
    0,
    0,
    0,
    0,
    0,
    0.3548387096774194,
    0.3548387096774194
  ],
  "Pop": [
    -0.125,
    0.22580645161290322,
    0.3548387096774194,
    0.3870967741935484,
    0.25806451612903225,
    -0.09375,
    -0.15625,
    -0.15625,
    -0.125,
    -0.125
  ],
  "Reggae": [
    0,
    0,
    -0.0625,
    -0.34375,
    0,
    0.3225806451612903,
    0.3225806451612903,
    0,
    0,
    0
  ],
  "Rock": [
    0.3870967741935484,
    0.22580645161290322,
    -0.3125,
    -0.4375,
    -0.21875,
    0.1935483870967742,
    0.45161290322580644,
    0.5483870967741935,
    0.5483870967741935,
    0.5483870967741935
  ],
  "Soft": [
    0.22580645161290322,
    0.06451612903225806,
    -0.09375,
    -0.15625,
    -0.09375,
    0.1935483870967742,
    0.41935483870967744,
    0.4838709677419355,
    0.5483870967741935,
    0.6129032258064516
  ],
  "Ska": [
    -0.15625,
    -0.28125,
    -0.25,
    -0.0625,
    0.1935483870967742,
    0.2903225806451613,
    0.45161290322580644,
    0.4838709677419355,
    0.5483870967741935,
    0.4838709677419355
  ],
  "Full Bass": [
    0.4838709677419355,
    0.4838709677419355,
    0.4838709677419355,
    0.2903225806451613,
    0.06451612903225806,
    -0.25,
    -0.46875,
    -0.5625,
    -0.59375,
    -0.59375
  ],
  "Soft Rock": [
    0.1935483870967742,
    0.1935483870967742,
    0.0967741935483871,
    -0.0625,
    -0.25,
    -0.3125,
    -0.21875,
    -0.0625,
    0.12903225806451613,
    0.45161290322580644
  ],
  "Full Treble": [
    -0.53125,
    -0.53125,
    -0.53125,
    -0.25,
    0.12903225806451613,
    0.5483870967741935,
    0.8064516129032258,
    0.8064516129032258,
    0.8064516129032258,
    0.8709677419354839
  ],
  "Full Bass & Treble": [
    0.3548387096774194,
    0.2903225806451613,
    0,
    -0.40625,
    -0.28125,
    0.06451612903225806,
    0.41935483870967744,
    0.5483870967741935,
    0.6129032258064516,
    0.6129032258064516
  ],
  "Live": [
    -0.28125,
    0,
    0.1935483870967742,
    0.25806451612903225,
    0.2903225806451613,
    0.2903225806451613,
    0.1935483870967742,
    0.12903225806451613,
    0.12903225806451613,
    0.0967741935483871
  ],
  "Techno": [
    0.3870967741935484,
    0.2903225806451613,
    0,
    -0.3125,
    -0.28125,
    0,
    0.3870967741935484,
    0.4838709677419355,
    0.4838709677419355,
    0.45161290322580644
  ]
}
